{"stats":{"minecraft:mined":{"minecraft:rose_bush":2,"minecraft:tall_grass":40},"minecraft:custom":{"minecraft:time_since_rest":292347,"minecraft:sprint_one_cm":35952,"minecraft:inspect_dropper":178,"minecraft:damage_taken":654,"minecraft:walk_one_cm":483794,"minecraft:trigger_trapped_chest":18,"minecraft:drop":15,"minecraft:inspect_hopper":404,"minecraft:damage_dealt":330,"minecraft:play_record":23,"minecraft:tune_noteblock":70,"minecraft:fly_one_cm":237685,"minecraft:open_chest":6,"minecraft:crouch_one_cm":36742,"minecraft:play_time":323096,"minecraft:deaths":2,"minecraft:sneak_time":17163,"minecraft:walk_under_water_one_cm":444,"minecraft:jump":914,"minecraft:leave_game":10,"minecraft:walk_on_water_one_cm":1399,"minecraft:time_since_death":292316,"minecraft:total_world_time":323096,"minecraft:fall_one_cm":3661,"minecraft:inspect_dispenser":8},"minecraft:used":{"minecraft:redstone_torch":48,"minecraft:sticky_piston":41,"minecraft:piston":9,"minecraft:water_bucket":2,"minecraft:lever":19,"minecraft:dirt_path":11,"minecraft:dropper":56,"minecraft:command_block":1,"minecraft:music_disc_mall":23,"minecraft:grass_block":92,"minecraft:dispenser":20,"minecraft:redstone":395,"minecraft:stone_button":1,"minecraft:chest":2,"minecraft:sandstone":48,"minecraft:stone":1,"minecraft:zombie_spawn_egg":1,"minecraft:redstone_block":52,"minecraft:calibrated_sculk_sensor":22,"minecraft:sculk_sensor":13,"minecraft:dirt":126,"minecraft:sand":151,"minecraft:repeater":61,"minecraft:redstone_lamp":101,"minecraft:comparator":38,"minecraft:oak_slab":2,"minecraft:hopper":64,"minecraft:chain_command_block":15,"minecraft:repeating_command_block":4,"minecraft:sculk_shrieker":1,"minecraft:trapped_chest":4,"minecraft:note_block":5,"minecraft:cyan_wool":9,"minecraft:observer":368,"minecraft:jukebox":11},"minecraft:picked_up":{"minecraft:sandstone":1,"minecraft:repeater":5,"minecraft:jukebox":129,"minecraft:music_disc_13":1,"minecraft:redstone":101,"minecraft:music_disc_mall":89,"minecraft:mycelium":85,"minecraft:cactus":4,"minecraft:wheat_seeds":4,"minecraft:lever":4,"minecraft:comparator":2,"minecraft:redstone_torch":5,"minecraft:observer":80},"minecraft:killed_by":{"minecraft:creeper":1,"minecraft:vex":1},"minecraft:dropped":{"minecraft:redstone_lamp":64,"minecraft:jukebox":129,"minecraft:repeater":2,"minecraft:music_disc_mall":4,"minecraft:sandstone":1,"minecraft:redstone_torch":5,"minecraft:observer":64,"minecraft:comparator":64,"minecraft:mycelium":84}},"DataVersion":3700}